{
  "early": {
    "cluster_0": {
      "pitch": {
        "use_global_null": true,
        "n_neurons": 692,
        "threshold": 0.15,
        "null_mean_r": 0.035913756801055775,
        "null_std_r": 0.009468399117291918,
        "null_p95_r": 0.08814372217488865,
        "null_pct_exceeding": 0.055003955696202526,
        "null_pct_exceeding_std": 0.17849521801321222,
        "observed_mean_r": 0.403216860206736,
        "observed_max_r": 0.950448057792231,
        "observed_pct_exceeding": 83.09248554913295,
        "observed_pct_exceeding_p95": 88.8728323699422
      },
      "bpm": {
        "use_global_null": true,
        "n_neurons": 692,
        "threshold": 0.15,
        "null_mean_r": 0.037661333008825994,
        "null_std_r": 0.025631532614534703,
        "null_p95_r": 0.09209153636614546,
        "null_pct_exceeding": 0.0033425632911392405,
        "null_pct_exceeding_std": 0.017578819736711663,
        "observed_mean_r": 0.9927211143390399,
        "observed_max_r": 0.9962099048396194,
        "observed_pct_exceeding": 100.0,
        "observed_pct_exceeding_p95": 100.0
      }
    },
    "cluster_1": {
      "pitch": {
        "use_global_null": true,
        "n_neurons": 3960,
        "threshold": 0.15,
        "null_mean_r": 0.035913756801055775,
        "null_std_r": 0.009468399117291918,
        "null_p95_r": 0.08814372217488865,
        "null_pct_exceeding": 0.055003955696202526,
        "null_pct_exceeding_std": 0.17849521801321222,
        "observed_mean_r": 0.4171601920932481,
        "observed_max_r": 0.9612972531890127,
        "observed_pct_exceeding": 81.01010101010101,
        "observed_pct_exceeding_p95": 88.28282828282829
      },
      "bpm": {
        "use_global_null": true,
        "n_neurons": 3960,
        "threshold": 0.15,
        "null_mean_r": 0.037661333008825994,
        "null_std_r": 0.025631532614534703,
        "null_p95_r": 0.09209153636614546,
        "null_pct_exceeding": 0.0033425632911392405,
        "null_pct_exceeding_std": 0.017578819736711663,
        "observed_mean_r": 0.9356404237197735,
        "observed_max_r": 0.9978108072432288,
        "observed_pct_exceeding": 99.21717171717171,
        "observed_pct_exceeding_p95": 99.52020202020202
      }
    },
    "cluster_2": {
      "pitch": {
        "use_global_null": true,
        "n_neurons": 440,
        "threshold": 0.15,
        "null_mean_r": 0.035913756801055775,
        "null_std_r": 0.009468399117291918,
        "null_p95_r": 0.08814372217488865,
        "null_pct_exceeding": 0.055003955696202526,
        "null_pct_exceeding_std": 0.17849521801321222,
        "observed_mean_r": 0.39032835386674264,
        "observed_max_r": 0.9252188688754753,
        "observed_pct_exceeding": 81.81818181818183,
        "observed_pct_exceeding_p95": 91.81818181818183
      },
      "bpm": {
        "use_global_null": true,
        "n_neurons": 440,
        "threshold": 0.15,
        "null_mean_r": 0.037661333008825994,
        "null_std_r": 0.025631532614534703,
        "null_p95_r": 0.09209153636614546,
        "null_pct_exceeding": 0.0033425632911392405,
        "null_pct_exceeding_std": 0.017578819736711663,
        "observed_mean_r": 0.9924180918159329,
        "observed_max_r": 0.9959439837759352,
        "observed_pct_exceeding": 100.0,
        "observed_pct_exceeding_p95": 100.0
      }
    },
    "cluster_3": {
      "pitch": {
        "use_global_null": true,
        "n_neurons": 384,
        "threshold": 0.15,
        "null_mean_r": 0.035913756801055775,
        "null_std_r": 0.009468399117291918,
        "null_p95_r": 0.08814372217488865,
        "null_pct_exceeding": 0.055003955696202526,
        "null_pct_exceeding_std": 0.17849521801321222,
        "observed_mean_r": 0.42805033559139255,
        "observed_max_r": 0.9152702530810122,
        "observed_pct_exceeding": 81.77083333333334,
        "observed_pct_exceeding_p95": 88.80208333333334
      },
      "bpm": {
        "use_global_null": true,
        "n_neurons": 384,
        "threshold": 0.15,
        "null_mean_r": 0.037661333008825994,
        "null_std_r": 0.025631532614534703,
        "null_p95_r": 0.09209153636614546,
        "null_pct_exceeding": 0.0033425632911392405,
        "null_pct_exceeding_std": 0.017578819736711663,
        "observed_mean_r": 0.9652257148741885,
        "observed_max_r": 0.9962286249144996,
        "observed_pct_exceeding": 99.47916666666666,
        "observed_pct_exceeding_p95": 99.73958333333334
      }
    },
    "cluster_4": {
      "pitch": {
        "use_global_null": true,
        "n_neurons": 809,
        "threshold": 0.15,
        "null_mean_r": 0.035913756801055775,
        "null_std_r": 0.009468399117291918,
        "null_p95_r": 0.08814372217488865,
        "null_pct_exceeding": 0.055003955696202526,
        "null_pct_exceeding_std": 0.17849521801321222,
        "observed_mean_r": 0.3749651806997582,
        "observed_max_r": 0.9477827991311965,
        "observed_pct_exceeding": 77.37948084054388,
        "observed_pct_exceeding_p95": 85.29048207663782
      },
      "bpm": {
        "use_global_null": true,
        "n_neurons": 809,
        "threshold": 0.15,
        "null_mean_r": 0.037661333008825994,
        "null_std_r": 0.025631532614534703,
        "null_p95_r": 0.09209153636614546,
        "null_pct_exceeding": 0.0033425632911392405,
        "null_pct_exceeding_std": 0.017578819736711663,
        "observed_mean_r": 0.946858023392953,
        "observed_max_r": 0.9966172344689377,
        "observed_pct_exceeding": 99.2583436341162,
        "observed_pct_exceeding_p95": 99.6291718170581
      }
    },
    "cluster_5": {
      "pitch": {
        "use_global_null": true,
        "n_neurons": 243,
        "threshold": 0.15,
        "null_mean_r": 0.035913756801055775,
        "null_std_r": 0.009468399117291918,
        "null_p95_r": 0.08814372217488865,
        "null_pct_exceeding": 0.055003955696202526,
        "null_pct_exceeding_std": 0.17849521801321222,
        "observed_mean_r": 0.35087698658736494,
        "observed_max_r": 0.8957037428149712,
        "observed_pct_exceeding": 73.25102880658436,
        "observed_pct_exceeding_p95": 83.1275720164609
      },
      "bpm": {
        "use_global_null": true,
        "n_neurons": 243,
        "threshold": 0.15,
        "null_mean_r": 0.037661333008825994,
        "null_std_r": 0.025631532614534703,
        "null_p95_r": 0.09209153636614546,
        "null_pct_exceeding": 0.0033425632911392405,
        "null_pct_exceeding_std": 0.017578819736711663,
        "observed_mean_r": 0.9694643014434805,
        "observed_max_r": 0.9964118896475586,
        "observed_pct_exceeding": 99.58847736625515,
        "observed_pct_exceeding_p95": 99.58847736625515
      }
    }
  },
  "middle": {
    "cluster_0": {
      "pitch": {
        "use_global_null": true,
        "n_neurons": 281,
        "threshold": 0.15,
        "null_mean_r": 0.035913756801055775,
        "null_std_r": 0.009468399117291918,
        "null_p95_r": 0.08814372217488865,
        "null_pct_exceeding": 0.055003955696202526,
        "null_pct_exceeding_std": 0.17849521801321222,
        "observed_mean_r": 0.403009678453541,
        "observed_max_r": 0.9073262213048852,
        "observed_pct_exceeding": 81.85053380782918,
        "observed_pct_exceeding_p95": 91.10320284697508
      },
      "bpm": {
        "use_global_null": true,
        "n_neurons": 281,
        "threshold": 0.15,
        "null_mean_r": 0.037661333008825994,
        "null_std_r": 0.025631532614534703,
        "null_p95_r": 0.09209153636614546,
        "null_pct_exceeding": 0.0033425632911392405,
        "null_pct_exceeding_std": 0.017578819736711663,
        "observed_mean_r": 0.9922790984825399,
        "observed_max_r": 0.9962261289045157,
        "observed_pct_exceeding": 100.0,
        "observed_pct_exceeding_p95": 100.0
      }
    },
    "cluster_1": {
      "pitch": {
        "use_global_null": true,
        "n_neurons": 1683,
        "threshold": 0.15,