{
  "pitch": {
    "layers.0.conv": {
      "n_channels": 1024,
      "hidden_dim": 64,
      "n_samples": 500,
      "null_mean_r2": -0.16009686887264252,
      "null_std_r2": 0.08966588228940964,
      "null_p95_r2": 0.002386804670095429,
      "observed_r2": 0.9889053309280879,
      "observed_r2_std": 0.001934471059968418,
      "exceeds_null_p95": true,
      "delta_r2": 1.1490021998007305,
      "ratio": -6.176918623653812,
      "linear_observed_r2": 0.9847025065071738,
      "linear_null_mean_r2": -0.029267009326646606,
      "nonlinear_gain": 0.00420282442091402
    },
    "layers.3.conv": {
      "n_channels": 512,
      "hidden_dim": 64,
      "n_samples": 500,
      "null_mean_r2": -0.08489516377449036,
      "null_std_r2": 0.06270560622215271,
      "null_p95_r2": 0.00739601515233514,
      "observed_r2": 0.9946593173609968,
      "observed_r2_std": 0.0008893126808147351,
      "exceeds_null_p95": true,
      "delta_r2": 1.0795544811354871,
      "ratio": -11.716324854536367,
      "linear_observed_r2": 0.9900103970672358,
      "linear_null_mean_r2": -0.019301031642544483,
      "nonlinear_gain": 0.004648920293760961
    },
    "layers.4.block.1.conv": {
      "n_channels": 256,
      "hidden_dim": 32,
      "n_samples": 500,
      "null_mean_r2": -0.03945023566484451,
      "null_std_r2": 0.043642085045576096,
      "null_p95_r2": 0.02871510544791817,
      "observed_r2": 0.9946939946944084,
      "observed_r2_std": 0.001786332781275597,
      "exceeds_null_p95": true,
      "delta_r2": 1.034144230359253,
      "ratio": -25.21389233628369,
      "linear_observed_r2": 0.9911029165776858,
      "linear_null_mean_r2": -0.016240411290701556,
      "nonlinear_gain": 0.003591078116722657
    },
    "layers.4.block.3.conv": {
      "n_channels": 512,
      "hidden_dim": 64,
      "n_samples": 500,
      "null_mean_r2": -0.07065747678279877,
      "null_std_r2": 0.05522601678967476,
      "null_p95_r2": 0.009991373075172295,
      "observed_r2": 0.9955188610516285,
      "observed_r2_std": 0.0014929616484639114,
      "exceeds_null_p95": true,
      "delta_r2": 1.0661763378344271,
      "ratio": -14.089363311286299,
      "linear_observed_r2": 0.994288828399639,
      "linear_null_mean_r2": -0.020357520076527053,
      "nonlinear_gain": 0.00123003265198951
    },
    "layers.6.conv": {
      "n_channels": 256,
      "hidden_dim": 32,
      "n_samples": 500,
      "null_mean_r2": -0.02981550619006157,
      "null_std_r2": 0.042083945125341415,
      "null_p95_r2": 0.040095231123268585,
      "observed_r2": 0.9949183437884266,
      "observed_r2_std": 0.001033375008117009,
      "exceeds_null_p95": true,
      "delta_r2": 1.0247338499784882,
      "ratio": -33.36915823082902,
      "linear_observed_r2": 0.9950587446399541,
      "linear_null_mean_r2": -0.01670449503629448,
      "nonlinear_gain": -0.00014040085152755566
    },
    "layers.7.block.1.conv": {
      "n_channels": 128,
      "hidden_dim": 16,
      "n_samples": 500,
      "null_mean_r2": -0.015636365860700607,
      "null_std_r2": 0.03428921476006508,
      "null_p95_r2": 0.031631036661565304,
      "observed_r2": 0.9949597537804362,
      "observed_r2_std": 0.0005681289357994084,
      "exceeds_null_p95": true,
      "delta_r2": 1.0105961196411368,
      "ratio": -63.63113799230685,
      "linear_observed_r2": 0.9956072506957347,
      "linear_null_mean_r2": -0.014928854041146005,
      "nonlinear_gain": -0.0006474969152985288
    },
    "layers.7.block.3.conv": {
      "n_channels": 256,
      "hidden_dim": 32,
      "n_samples": 500,
      "null_mean_r2": -0.02055557817220688,
      "null_std_r2": 0.04032261669635773,
      "null_p95_r2": 0.037270753271877746,
      "observed_r2": 0.9955430790343266,
      "observed_r2_std": 0.0009586950422532638,
      "exceeds_null_p95": true,
      "delta_r2": 1.0160986572065336,
      "ratio": -48.431772178531894,
      "linear_observed_r2": 0.9951844535683048,
      "linear_null_mean_r2": -0.016619048530941233,
      "nonlinear_gain": 0.00035862546602183354
    },
    "layers.9.conv": {
      "n_channels": 128,
      "hidden_dim": 16,
      "n_samples": 500,
      "null_mean_r2": -0.010602151043713093,
      "null_std_r2": 0.02903302200138569,
      "null_p95_r2": 0.03757227137684822,
      "observed_r2": 0.9933358320973458,
      "observed_r2_std": 0.0013524040239204088,
      "exceeds_null_p95": true,
      "delta_r2": 1.0039379831410589,
      "ratio": -93.69191478236657,
      "linear_observed_r2": 0.9954380543485662,
      "linear_null_mean_r2": -0.016059173803864065,
      "nonlinear_gain": -0.002102222251220476
    },
    "layers.10.block.1.conv": {
      "n_channels": 64,
      "hidden_dim": 8,
      "n_samples": 500,
      "null_mean_r2": -0.00837896391749382,
      "null_std_r2": 0.027161266654729843,
      "null_p95_r2": 0.03426099997013807,
      "observed_r2": 0.9868472695363601,
      "observed_r2_std": 0.002943160854569247,
      "exceeds_null_p95": true,
      "delta_r2": 0.995226233453854,
      "ratio": -117.7767656304134,
      "linear_observed_r2": 0.9961145720188096,
      "linear_null_mean_r2": -0.01543592850645485,
      "nonlinear_gain": -0.009267302482449447
    },
    "layers.10.block.3.conv": {
      "n_channels": 128,
      "hidden_dim": 16,
      "n_samples": 500,
      "null_mean_r2": -0.014586841687560081,
      "null_std_r2": 0.030481930822134018,
      "null_p95_r2": 0.0365488214418292,
      "observed_r2": 0.9942366485492841,
      "observed_r2_std": 0.00042259261588328264,
      "exceeds_null_p95": true,
      "delta_r2": 1.008823490236844,
      "ratio": -68.15982992378582,
      "linear_observed_r2": 0.9970548355430102,
      "linear_null_mean_r2": -0.016010702280165462,
      "nonlinear_gain": -0.0028181869937261572
    },
    "layers.12.conv": {
      "n_channels": 64,
      "hidden_dim": 8,
      "n_samples": 500,
      "null_mean_r2": -0.011613343842327595,
      "null_std_r2": 0.026847464963793755,
      "null_p95_r2": 0.026877655088901508,
      "observed_r2": 0.986189487758099,
      "observed_r2_std": 0.004081935195611408,
      "exceeds_null_p95": true,
      "delta_r2": 0.9978028316004266,
      "ratio": -84.9186505753577,
      "linear_observed_r2": 0.9954780713403236,
      "linear_null_mean_r2": -0.015519654125522121,
      "nonlinear_gain": -0.009288583582224619
    },
    "layers.13.block.1.conv": {
      "n_channels": 32,
      "hidden_dim": 8,
      "n_samples": 500,
      "null_mean_r2": -0.010853219777345657,
      "null_std_r2": 0.028026355430483818,
      "null_p95_r2": 0.03055366966873405,
      "observed_r2": 0.9835583204241571,
      "observed_r2_std": 0.00374858740173111,
      "exceeds_null_p95": true,
      "delta_r2": 0.9944115402015028,
      "ratio": -90.62364354559337,
      "linear_observed_r2": 0.9945310514307429,
      "linear_null_mean_r2": -0.014841461126771578,
      "nonlinear_gain": -0.0109727310065858
    },
    "layers.13.block.3.conv": {
      "n_channels": 64,
      "hidden_dim": 8,
      "n_samples": 500,
      "null_mean_r2": -0.005339008755981922,
      "null_std_r2": 0.02708323858678341,
      "null_p95_r2": 0.03453823309391737,
      "observed_r2": 0.9798045258804831,
      "observed_r2_std": 0.005153389844258256,
      "exceeds_null_p95": true,
      "delta_r2": 0.985143534636465,
      "ratio": -183.51805937435338,
      "linear_observed_r2": 0.992184372224839,
      "linear_null_mean_r2": -0.014471898758820344,
      "nonlinear_gain": -0.01237984634435596
    }
  },
  "bpm": {
    "layers.0.conv": {
      "n_channels": 1024,
      "hidden_dim": 64,
      "n_samples": 500,
      "null_mean_r2": -0.1062760129570961,
      "null_std_r2": 0.07310013473033905,
      "null_p95_r2": 0.01662338953465223,
      "observed_r2": 0.9936762837781717,
      "observed_r2_std": 0.002093005277063006,
      "exceeds_null_p95": true,
      "delta_r2": 1.099952296735268,
      "ratio": -9.349958246733639,
      "linear_observed_r2": 0.9971036972274898,