{
  "early": {
    "cluster_0": {
      "pitch": {
        "use_global_null": true,
        "n_neurons": 1357,
        "threshold": 0.15,
        "null_mean_r": 0.03605805122755986,
        "null_std_r": 0.009324527930662609,
        "null_p95_r": 0.08808525314101255,
        "null_pct_exceeding": 0.05940420560747663,
        "null_pct_exceeding_std": 0.1618972065627996,
        "observed_mean_r": 0.42056872787383887,
        "observed_max_r": 0.9816023904095617,
        "observed_pct_exceeding": 82.68238761974945,
        "observed_pct_exceeding_p95": 89.60943257184967
      },
      "bpm": {
        "use_global_null": true,
        "n_neurons": 1357,
        "threshold": 0.15,
        "null_mean_r": 0.03665036838652805,
        "null_std_r": 0.014805125802703649,
        "null_p95_r": 0.08873229092916371,
        "null_pct_exceeding": 0.04591121495327103,
        "null_pct_exceeding_std": 0.2008208151648536,
        "observed_mean_r": 0.6731170784565335,
        "observed_max_r": 0.9947145068580275,
        "observed_pct_exceeding": 93.66249078850404,
        "observed_pct_exceeding_p95": 96.46278555637436
      }
    },
    "cluster_1": {
      "pitch": {
        "use_global_null": true,
        "n_neurons": 50,
        "threshold": 0.15,
        "null_mean_r": 0.03605805122755986,
        "null_std_r": 0.009324527930662609,
        "null_p95_r": 0.08808525314101255,
        "null_pct_exceeding": 0.05940420560747663,
        "null_pct_exceeding_std": 0.1618972065627996,
        "observed_mean_r": 0.39851243547616994,
        "observed_max_r": 0.8589610358441434,
        "observed_pct_exceeding": 80.0,
        "observed_pct_exceeding_p95": 88.0
      },
      "bpm": {
        "use_global_null": true,
        "n_neurons": 50,
        "threshold": 0.15,
        "null_mean_r": 0.03665036838652805,
        "null_std_r": 0.014805125802703649,
        "null_p95_r": 0.08873229092916371,
        "null_pct_exceeding": 0.04591121495327103,
        "null_pct_exceeding_std": 0.2008208151648536,
        "observed_mean_r": 0.8091097620258035,
        "observed_max_r": 0.9902409849639398,
        "observed_pct_exceeding": 100.0,
        "observed_pct_exceeding_p95": 100.0
      }
    },
    "cluster_2": {
      "pitch": {
        "use_global_null": true,
        "n_neurons": 255,
        "threshold": 0.15,
        "null_mean_r": 0.03605805122755986,
        "null_std_r": 0.009324527930662609,
        "null_p95_r": 0.08808525314101255,
        "null_pct_exceeding": 0.05940420560747663,
        "null_pct_exceeding_std": 0.1618972065627996,
        "observed_mean_r": 0.41315299451556886,
        "observed_max_r": 0.9551436285745142,
        "observed_pct_exceeding": 80.3921568627451,
        "observed_pct_exceeding_p95": 88.23529411764706
      },
      "bpm": {
        "use_global_null": true,
        "n_neurons": 255,
        "threshold": 0.15,
        "null_mean_r": 0.03665036838652805,
        "null_std_r": 0.014805125802703649,
        "null_p95_r": 0.08873229092916371,
        "null_pct_exceeding": 0.04591121495327103,
        "null_pct_exceeding_std": 0.2008208151648536,
        "observed_mean_r": 0.6998172201735119,
        "observed_max_r": 0.9894188376753507,
        "observed_pct_exceeding": 94.50980392156862,
        "observed_pct_exceeding_p95": 96.86274509803921
      }
    },
    "cluster_3": {
      "pitch": {
        "use_global_null": true,
        "n_neurons": 3,
        "threshold": 0.15,
        "null_mean_r": 0.03605805122755986,
        "null_std_r": 0.009324527930662609,
        "null_p95_r": 0.08808525314101255,
        "null_pct_exceeding": 0.05940420560747663,
        "null_pct_exceeding_std": 0.1618972065627996,
        "observed_mean_r": 0.27990521562086246,
        "observed_max_r": 0.38984133536534143,
        "observed_pct_exceeding": 66.66666666666666,
        "observed_pct_exceeding_p95": 100.0
      },
      "bpm": {
        "use_global_null": true,
        "n_neurons": 3,
        "threshold": 0.15,
        "null_mean_r": 0.03665036838652805,
        "null_std_r": 0.014805125802703649,
        "null_p95_r": 0.08873229092916371,
        "null_pct_exceeding": 0.04591121495327103,
        "null_pct_exceeding_std": 0.2008208151648536,
        "observed_mean_r": 0.9043235212940851,
        "observed_max_r": 0.9278556154224615,
        "observed_pct_exceeding": 100.0,
        "observed_pct_exceeding_p95": 100.0
      }
    },
    "cluster_4": {
      "pitch": {
        "use_global_null": true,
        "n_neurons": 65,
        "threshold": 0.15,
        "null_mean_r": 0.03605805122755986,
        "null_std_r": 0.009324527930662609,
        "null_p95_r": 0.08808525314101255,
        "null_pct_exceeding": 0.05940420560747663,
        "null_pct_exceeding_std": 0.1618972065627996,
        "observed_mean_r": 0.5133995771112959,
        "observed_max_r": 0.9654791259165035,
        "observed_pct_exceeding": 93.84615384615384,
        "observed_pct_exceeding_p95": 93.84615384615384
      },
      "bpm": {
        "use_global_null": true,
        "n_neurons": 65,
        "threshold": 0.15,
        "null_mean_r": 0.03665036838652805,
        "null_std_r": 0.014805125802703649,
        "null_p95_r": 0.08873229092916371,
        "null_pct_exceeding": 0.04591121495327103,
        "null_pct_exceeding_std": 0.2008208151648536,
        "observed_mean_r": 0.7433978232933247,
        "observed_max_r": 0.9874878859515437,
        "observed_pct_exceeding": 90.76923076923077,
        "observed_pct_exceeding_p95": 95.38461538461539
      }
    },
    "cluster_5": {
      "pitch": {
        "use_global_null": true,
        "n_neurons": 574,
        "threshold": 0.15,
        "null_mean_r": 0.03605805122755986,
        "null_std_r": 0.009324527930662609,
        "null_p95_r": 0.08808525314101255,
        "null_pct_exceeding": 0.05940420560747663,
        "null_pct_exceeding_std": 0.1618972065627996,
        "observed_mean_r": 0.453040180378031,
        "observed_max_r": 0.9753773415093658,
        "observed_pct_exceeding": 85.54006968641114,
        "observed_pct_exceeding_p95": 90.2439024390244
      },
      "bpm": {
        "use_global_null": true,
        "n_neurons": 574,
        "threshold": 0.15,
        "null_mean_r": 0.03665036838652805,
        "null_std_r": 0.014805125802703649,
        "null_p95_r": 0.08873229092916371,
        "null_pct_exceeding": 0.04591121495327103,
        "null_pct_exceeding_std": 0.2008208151648536,
        "observed_mean_r": 0.7156384901351528,
        "observed_max_r": 0.9971638606554425,
        "observed_pct_exceeding": 95.47038327526133,
        "observed_pct_exceeding_p95": 97.38675958188153
      }
    }
  },
  "middle": {
    "cluster_0": {
      "pitch": {
        "use_global_null": true,
        "n_neurons": 319,
        "threshold": 0.15,
        "null_mean_r": 0.03605805122755986,
        "null_std_r": 0.009324527930662609,
        "null_p95_r": 0.08808525314101255,
        "null_pct_exceeding": 0.05940420560747663,
        "null_pct_exceeding_std": 0.1618972065627996,
        "observed_mean_r": 0.6875314469024723,
        "observed_max_r": 0.9873898695594783,
        "observed_pct_exceeding": 93.73040752351098,
        "observed_pct_exceeding_p95": 97.80564263322884
      },
      "bpm": {
        "use_global_null": true,
        "n_neurons": 319,
        "threshold": 0.15,
        "null_mean_r": 0.03665036838652805,
        "null_std_r": 0.014805125802703649,
        "null_p95_r": 0.08873229092916371,
        "null_pct_exceeding": 0.04591121495327103,
        "null_pct_exceeding_std": 0.2008208151648536,
        "observed_mean_r": 0.6609492305048275,
        "observed_max_r": 0.9925646742586969,
        "observed_pct_exceeding": 90.28213166144201,
        "observed_pct_exceeding_p95": 94.04388714733543
      }
    },
    "cluster_1": {
      "pitch": {
        "use_global_null": true,
        "n_neurons": 18,
        "threshold": 0.15,
        "null_mean_r": 0.03605805122755986,